<?xml version="1.0" encoding="UTF-8" ?>

<configuration>

    <!--输出格式-->
    <appender name="consoleLog" class="ch.qos.logback.core.ConsoleAppender">
        <layout class="ch.qos.logback.classic.PatternLayout">
            <pattern>
                %d - %msg%n
            </pattern>
        </layout>
    </appender>

    <!--配置过滤器info输出是过滤掉error-->
    <appender name="fileInfoLog" class="ch.qos.logback.core.rolling.RollingFileAppender">
        <filter class="ch.qos.logback.classic.filter.LevelFilter">
            <level>ERROR</level>
            <onMatch>DENY</onMatch>
            <onMismatch>ACCEPT</onMismatch>
        </filter>
        <encoder>
            <pattern>
                %msg%n
            </pattern>
        </encoder>
        <!--滚动策略-->
        <rollingPolicy class="ch.qos.logback.core.rolling.TimeBasedRollingPolicy">
            <!--路径-->
            <fileNamePattern>d:/log/takeaway/info.%d.log</fileNamePattern>
        </rollingPolicy>
    </appender>


    <!--过滤选择error进行输出-->
    <appender name="fileErrorLog" class="ch.qos.logback.core.rolling.RollingFileAppender">
        <filter class="ch.qos.logback.classic.filter.ThresholdFilter">
            <level>ERROR</level>
        </filter>
        <encoder>
            <pattern>
                %msg%n
            </pattern>
        </encoder>
        <!--滚动策略-->
        <rollingPolicy class="ch.qos.logback.core.rolling.TimeBasedRollingPolicy">
            <!--路径-->
            <fileNamePattern>d:/log/takeaway/error.%d.log</fileNamePattern>
        </rollingPolicy>
    </appender>

    <!--日志输出级别-->
    <root level="info">
        <appender-ref ref="consoleLog"/>
        <appender-ref ref="fileInfoLog"/>
        <appender-ref ref="fileErrorLog"/>
    </root>

</configuration>